Old,New
[Bauzong studio],Bauzong Studio
[Bing Kong Tong],Bing Kong Tong
"[Bohm, Charles]","Bohm, Charles"
[Bonhene?],"Borchers, Louis"
[Burrard Yarrows Corporation],Yarrows Limited
[Campbell?],Campbell
[Chinese District Jubilee Queen Committee],Chinese District Jubilee Queen Committee
[Chinese residents of Vancouver],Wing Sang Company
[Chinese United Growers' Association],Chinese United Growers' Association
"[Claypool, Charles E.]","Claypool, Charles E. "
[Colony of British Columbia],British Columbia (Colony). Governor
"[Dick, Archibald]","Dick, Archibald."
"[Eksman, Elmer?]","Ekman, Elmer"
[Government of British Columbia],British Columbia. Legislative Assembly
[Government of Canada],Canada
"[Hamacher, E.J.]","Hamacher, Ephraim J. "
"[Hing, S.Y.]","Hing, S. Y. "
[Hudson],[Hudson ?] 
[May's Photo],May's Studio
"[McAlpin, Arthur B. and Lamb, Charles]","McAlpin, Arthur B. and Lamb, Charles"
"[Mclean, L.C. Mining Recorder]",British Columbia. Mining Recorder. 
"[Muybridge, Eadweard]","Muybridge, Eadweard"
[Police magistrate in and for the city of New Westminster],British Columbia. New Westminster Magistrate. 
[Police magistrate],British Columbia. Vancouver Magistrate. 
"[Quon, Long]","Quon, Long"
"[Shorey, Sam]","Shorey, Sam"
"[Smith, George Venable]","Smith, George Venable"
[The Chinese Benevolent Association],"Chinese Benevolent Association (Vancouver, B.C.)"
[unknown],[unknown]
[Vancouver Centre Conservative Association],Vancouver Centre Conservative Association
[Victoria Chinese Public School],Chinese Public School in Victoria
"[Wand, C.B.]",Wand Studio
[Waterman & Katz],Waterman & Katz Building
"[Watkins, Carleton]","Watkins, Carleton"
[Westlaky?],Unknown
[Wing Sang Company],Wing Sang Company
"[Woodbridge, Charles Edward?]","Case, William Howard"
[Yeelunco],Yee Lun Co. 
[Yip Sang Company],Yip Sang Company
"[Yip, Sang]","Yip, Sang"
A. Fleming and Company,A. Fleming and Company
A. Savard,"Savard, A. "
"Adamson, James","Adamson, James"
Air Canada,Air Canada
Alaska Line,Alaska Steamship Company
Alaska Steamship Company,Alaska Steamship Company
"Alavoine, David","Alavoine, David"
Alfred Meakin,Alfred Meakin
Allan Brothers & Company U.K. Limited,Allan Brothers & Company U.K. Limited
Allan Line,Allan Line Royal Mail Steamers
Allan Line Royal Mail Steamers,Allan Line Royal Mail Steamers
Allan Royal Mail Line,Allan Line Royal Mail Steamers
"Allison, R. S.","Allison, R.S."
Alma Photographic Studio,Alma Photographic Studio
American Geographical Society,American Geographical Society
American Mail Line,American Mail Line
American Society of Civil Engineers,American Society of Civil Engineers
"Anderson, Garry W.","Anderson, Garry W."
Anglo-British Columbia Packing Company,Anglo-British Columbia Packing Company
"Angus, Fred F.","Angus, Fred F."
"Angus, Henry F.","Angus, Henry F."
"Angus, R. B.","Angus, R.B."
Anti-Chinese Association,Anti-Chinese Association
"Arbuckle, Franklin","Arbuckle, Franklin"
"Armington, Frank M.","Armington, Frank M."
"Armstrong, Anthony","Armstrong, Anthony"
"Armstrong, M.","Armstrong, M."
Art Crafts Guild,Art Crafts Guild
"Art, Historical and Scientific Association","Art, Historical and Scientific Association of Vancouver"
Asia Pacific Foundation,Asia Pacific Foundation of Canada
Associated Screen News Limited,Associated Screen News Limited
"Atkins, W.","Atkins, W."
"Atkinson, Lord","Atkinson, Lord"
Australian National Travel Association,Australian National Travel Association
B. I. and H. Company Ltd,B. I. and H. Company 
B.C. Coast Steamship Service,British Columbia Coast Steamship Service
B.C. Coast Vegetable Marketing Board,British Columbia Coast Vegetable Marketing Board
"B.C. Fishing & Packing Co., Ltd.","British Columbia Fishing & Packing Co., Ltd."
B.C. Packers Association,British Columbia Packers Association
Bailey Bros.,Bailey Brothers Company
"Bailey Bros. [Bailey, Charles S.]","Bailey Brothers Company; [Bailey, Charles S.]"
Bailey Brothers Photo,Bailey Brothers Company
"Bailey, W. F.","Bailey, W.F."
"Baker, S. H.","Baker, S.H."
"Bale, Stewart","Bale, Stewart"
Banff Springs Hotel Canadian Pacific Railway,Canadian Pacific Railway Company
Banfield Black & Banfield Ltd.,Banfield Black & Banfield Ltd.
"Bannard, John L.","Bannard, John L."
Barbrach,Unknown
"Barclay, J.","Barclay, J."
"Baring, Edward Charles","Baring, Edward Charles"
"Bates, Philip S.","Bates, Philip S."
Baxter-Davis Advertising Company,Baxter-Davis Advertising Company
Beals,"Beals, Henry Sherman"
"Beatty, Edward","Beatty, Edward"
"Beaugrand, M.Honor","Beaugrand, Honore"
"Beaven, Robert","Beaven, Robert"
"Beck, S. E.","Beck, S.E."
Bedford Lemere & Company,Bedford Lemere and Co. architectural photographers
Bedford Lemere and Co. architectural photographers,Bedford Lemere and Co. architectural photographers
"Bell, H. P.","Bell, H.P."
"Bell, Robert","Bell, Robert"
"Biggar, E. B.","Biggar, E.B."
Birks,Birks
"Blake, Arthur E.","Blake, Arthur E."
"Blake, Edward W.","Blake, Edward W."
Blue Star Line,Blue Star Line
"Blunt, C. D.","Blunt, C.D."
Board of Conciliation and Investigation,Government of Canada. Board of Conciliation and Investigation. 
Board of Trade,Canadian Pacific Steamship Company
Board of Transport Commissioners for Canada,Canada. Board of Transport Commissioners
"Boch, Basil","Boch, Basil"
"Bonestell, Chesley","Bonestell, Chesley"
Boorne ; May,Boorne and May
Borden,"Borchers, Louis"
"Borden, Robert L.","Borden, Robert Laird"
"Bourinot, J. G.","Bourinot, J.G."
Bourne & May Ltd.,Bourne & May Ltd.
"Bowen, Frank C.","Bowen, Frank C."
"Boyd, J.F.","Boyd, J.F."
Bradley & Rulofson,Bradley & Rulofson
Brandon Board of Trade,Brandon Board of Trade
Brandon Yip,"Yip, Brandon"
Brewster Transport,Brewster Transport Company
Brewster Transport Company,Brewster Transport Company
Britain. Board of Trade,Britain. Board of Trade
British Association for the Advancement of Science,British Association for the Advancement of Science
British Association of Winnipeg,British Association of Winnipeg
British Columbia Audit Office,British Columbia Audit Office
British Columbia Cattle Company,British Columbia Cattle Company
British Columbia Heritage Trust,British Columbia Heritage Trust
British Columbia Legislative Association,British Columbia Legislative Association
British Columbia Railway,British Columbia Railway Company
British Empire Service League. Canadian Legion,British Empire Service League. Canadian Legion
"Brodie, H. W.","Brodie, H.W."
Brotherhood of Locomotive Firemen and Enginemen,Brotherhood of Locomotive Firemen and Enginemen
"Brotherhood of Railway and Steamship Clerks, Freight Handlers, Express and Station Employees","Brotherhood of Railway and Steamship Clerks, Freight Handlers, Express and Station Employees"
"Brower, Dorothy E.","Brower, Dorothy E."
Brown,Brown
"Brown, Charles","Brown, Charles"
"Brown, Fred S.","Brown, Fred S."
"Browne, D. L.","Browne, D.L."
Brownell,Brownell Travel
"Bruc, Gertu M.","Bruc, Gertu M."
"Bruk, John","Bruk, John"
"Bryson, James","Bryson, James"
BSL,Birmingham Silver Plate Limited
"BSL, Mappin and Webb","British Silverware, Ltd.,  Mappin and Webb"
Bullen & Lamb,Bullen & Lamb
Burrard Dry Dock Company Limited,Burrard Dry Dock Company Limited
"Butler, E.P.","Butler, E.P."
C. Bannister Limited,C. Bannister Limited
C.A.P. Strasbourg,Compagnie Alsacienne des Arts Photomecaniques
C.P.R. Telegraph,Canadian Pacific Telegraph
C.W. Hunt & Co.,C.W. Hunt & Co.
California Restaurant,California Restaurant
Camay,Camay 
"Cameron, Allan","Cameron, Allan"
"Campau, Dubarry","Campau, Dubarry"
Campbell,Campbell Studio
"Campbell, Alexander","Campbell, Alexander"
"Campbell-Johnston, Amy E.C.","Campbell-Johnston, Amy E.C."
Campbell's Art Gallery,Campbell's Art Gallery
Canada,Canada
Canada Post,Canada Post
Canada. British Columbia. Department of Lands,Canada. British Columbia. Department of Lands
Canada. British Columbia. Provincial Secretary's Office,Canada. British Columbia. Provincial Secretary's Office
Canada. Department of Agriculture,Canada. Department of Agriculture
Canada. Department of Marine,Canada. Department of Marine
Canada. Department of Public Works,Canada. Department of Public Works
Canada. Department of Railways and Canals,Canada. Department of Railways and Canals
Canada. Department of the Interior. Immigration Branch. Controll,Canada. Department of the Interior. Immigration Branch. Controll
Canada. Department of Trade and Commerce. Dominion Bureau of Statistics. Transportation Branch,Canada. Department of Trade and Commerce. Dominion Bureau of Statistics. Transportation Branch
Canada. Governor General (1872-1878: Dufferin),Canada. Governor General (1872-1878: Dufferin)
Canada. Immigration Service,Canada. Immigration Service
Canada. Legislature. Legislative Assembly.,Canada. Legislature. Legislative Assembly
Canada. Ministry of Labour,Canada. Ministry of Labour
Canada. Parliament,Canada. Parliament
Canada. Privy Council,Canada. Privy Council
Canada. Royal Commissions,Canada. Royal Commissions
Canadian Airlines International Ltd.,Canadian Airlines International 
Canadian and Oriental Trading Company,Canadian and Oriental Trading Company
Canadian Army Photo,Canadian Army Photo
Canadian Australasian Line,Canadian Australasian Line
Canadian Australasian Royal Mail Line,Union Steam Ship Company of New Zealand Limited
Canadian Broadcasting Corporation,Canadian Broadcasting Corporation
Canadian Car & Foundry Company,Canadian Car and Foundry 
Canadian Department of Marine,Department of Marine and Fisheries
Canadian Grocer,Canadian Grocer
Canadian Illustrated News,Canadian Illustrated News
Canadian International Dragon Boat Festival,Canadian International Dragon Boat Festival
Canadian Labor Party,Canadian Labor Party
Canadian National Railway,Canadian National Railway Company
Canadian National Railway Company,Canadian National Railway Company
Canadian National Railway. Dining Car Service,Canadian National Railway Company
Canadian National Railways,Canadian National Railway Company
Canadian National Railways. Dining Car Service,Canadian National Railway Company
Canadian National Steamships,Canadian National Steamships
Canadian Pacific,Canadian Pacific Railway Company
Canadian Pacific Air,Canadian Pacific Air Lines
Canadian Pacific Air Lines,Canadian Pacific Air Lines
Canadian Pacific Airlines,Canadian Pacific Air Lines
Canadian Pacific Express,Canadian Pacific Express Company
Canadian Pacific Express Company,Canadian Pacific Express Company
Canadian Pacific Express Company. Pension Department,Canadian Pacific Express Company
Canadian Pacific Hotels,Canadian Pacific Hotels
Canadian Pacific Hotels & Resorts,Canadian Pacific Hotels
Canadian Pacific Hotels. Empress Hotel,Canadian Pacific Hotels
Canadian Pacific Irrigation Colonization Company,Canadian Pacific Irrigation Colonization Company
Canadian Pacific Limited,Canadian Pacific Limited
Canadian Pacific Limited. Atlantic Service,Canadian Pacific Limited
Canadian Pacific Limited. B.C. Coast Steamships,Canadian Pacific Limited
Canadian Pacific Limited. Baggage Department,Canadian Pacific Limited
Canadian Pacific Limited. Canadian Australasian Line,Canadian Pacific Limited
Canadian Pacific Limited. Canadian Pacific Hotels,Canadian Pacific Limited
Canadian Pacific Limited. Canadian Pacific Hotels and Resorts,Canadian Pacific Limited
Canadian Pacific Limited. Canadian Pacific Hotels. Chateau Lacombe,Canadian Pacific Limited
Canadian Pacific Limited. Canadian Pacific Hotels. Royal York Hotel,Canadian Pacific Limited
Canadian Pacific Limited. Canadian Pacific Hotels. The Empress Hotel,Canadian Pacific Limited
Canadian Pacific Limited. Canadian Pacific Railway,Canadian Pacific Limited
Canadian Pacific Limited. Canadian Pacific Railway. Dining Car Service,Canadian Pacific Limited
Canadian Pacific Limited. Canadian Pacific Steamship Lines,Canadian Pacific Limited
Canadian Pacific Limited. CP Air,Canadian Pacific Limited
Canadian Pacific Limited. CP Hotels,Canadian Pacific Limited
Canadian Pacific Limited. CP Rail,Canadian Pacific Limited
Canadian Pacific Limited. CP Rail. Transportation Department,Canadian Pacific Limited
Canadian Pacific Limited. CP Research. Vancouver Working Committee,Canadian Pacific Limited
Canadian Pacific Limited  ;  CP Ships,Canadian Pacific Limited
Canadian Pacific Limited. Credit Card Bureau,Canadian Pacific Limited
Canadian Pacific Limited. Dining Car Service,Canadian Pacific Limited
Canadian Pacific Limited. Empress Mail,Canadian Pacific Limited
Canadian Pacific Limited. Empress of Canada. Officer of the Watch,Canadian Pacific Limited
Canadian Pacific Limited. General Passenger Department,Canadian Pacific Limited
Canadian Pacific Limited. General Passenger Traffic Manager,Canadian Pacific Limited
Canadian Pacific Limited. Ocean Department,Canadian Pacific Limited
Canadian Pacific Limited. Ocean Traffic,Canadian Pacific Limited
Canadian Pacific Limited. Passenger Traffic Department,Canadian Pacific Limited
Canadian Pacific Limited. Public Relations & Advertising,Canadian Pacific Limited
Canadian Pacific Limited. S.S. Montrose. Sports and Entertainments Committee,Canadian Pacific Limited
Canadian Pacific Limited. Trans-Pacific Services,Canadian Pacific Limited
Canadian Pacific Navigation Company Limited,Canadian Pacific Navigation Company Limited
Canadian Pacific Ocean Services,Canadian Pacific Steamships Ocean Services Limited
Canadian Pacific Ocean Services Limited,Canadian Pacific Steamships Ocean Services Limited
Canadian Pacific Ocean Services Limited. Pacific Service,Canadian Pacific Steamships Ocean Services Limited
"Canadian Pacific Ocean Services, Limited. Trans-Pacific Lines",Canadian Pacific Steamships Ocean Services Limited
Canadian Pacific Ocean Services. Atlantic Service,Canadian Pacific Steamships Ocean Services Limited
Canadian Pacific Ocean Services. Trans-Pacific Lines,Canadian Pacific Steamships Ocean Services Limited
Canadian Pacific Photograph,Canadian Pacific Railway Company
Canadian Pacific Railway,Canadian Pacific Railway Company
Canadian Pacific Railway and Ocean Steamship Services,Canadian Pacific Railway Company
Canadian Pacific Railway and Steamship Line,Canadian Pacific Railway Company
Canadian Pacific Railway Company,Canadian Pacific Railway Company
Canadian Pacific Railway Company . B.C. Coast Steamship Service,British Columbia Coast Steamships
Canadian Pacific Railway Company Limited,Canadian Pacific Railway Company
Canadian Pacific Railway Company Limited. British Columbia Coast,Canadian Pacific Railway Company
Canadian Pacific Railway Company Limited. Department of Coloniza,Canadian Pacific Railway Company
Canadian Pacific Railway Company Limited. Dining Car Service,Canadian Pacific Railway Company
Canadian Pacific Railway Company Limited. Pacific Division,Canadian Pacific Railway Company
Canadian Pacific Railway Company Limited. Western Division,Canadian Pacific Railway Company
Canadian Pacific Railway Company. Alaska Service,Canadian Pacific Railway Company
Canadian Pacific Railway Company. Alberta Division. First District,Canadian Pacific Railway Company
Canadian Pacific Railway Company. Atlantic and Pacific Steamship Lines,Canadian Pacific Railway Company
Canadian Pacific Railway Company. Atlantic Steamship Lines,Canadian Pacific Railway Company
Canadian Pacific Railway Company. B.C. Coast Steamship Service,Canadian Pacific Railway Company
Canadian Pacific Railway Company. B.C. Coast Steamships,Canadian Pacific Railway Company
Canadian Pacific Railway Company. British Columbia Coast Steamship Service,Canadian Pacific Railway Company
Canadian Pacific Railway Company. British Columbia Coast Steamship Service.,Canadian Pacific Railway Company
Canadian Pacific Railway Company. Canadian Pacific Airlines. Public Relations,Canadian Pacific Railway Company
Canadian Pacific Railway Company. Canadian Pacific Hotel Department,Canadian Pacific Railway Company
Canadian Pacific Railway Company. Canadian Pacific Hotels,Canadian Pacific Railway Company
Canadian Pacific Railway Company. Canadian Pacific Hotels. Banff Springs Hotel,Canadian Pacific Railway Company
Canadian Pacific Railway Company. Canadian Pacific Hotels. Chateau Frontenac,Canadian Pacific Railway Company
Canadian Pacific Railway Company. Canadian Pacific Hotels. Chateau Lake Louise,Canadian Pacific Railway Company
Canadian Pacific Railway Company. Canadian Pacific Hotels. Emerald Lake Chalet,Canadian Pacific Railway Company
Canadian Pacific Railway Company. Canadian Pacific Hotels. Empress Hotel,Canadian Pacific Railway Company
Canadian Pacific Railway Company. Canadian Pacific Hotels. Hotel Saskatchewan,Canadian Pacific Railway Company
Canadian Pacific Railway Company. Canadian Pacific Hotels. Hotel Vancouver,Canadian Pacific Railway Company
Canadian Pacific Railway Company. Canadian Pacific Hotels. Lake Louise Chalet,Canadian Pacific Railway Company
Canadian Pacific Railway Company. Canadian Pacific Hotels. Lake O'Hara Bungalow Camp,Canadian Pacific Railway Company
Canadian Pacific Railway Company. Canadian Pacific Hotels. Lake O'Hara Lodge,Canadian Pacific Railway Company
Canadian Pacific Railway Company. Canadian Pacific Hotels. Lake Windermere Camp,Canadian Pacific Railway Company
Canadian Pacific Railway Company. Canadian Pacific Hotels. Le Château Champlain,Canadian Pacific Railway Company
Canadian Pacific Railway Company. Canadian Pacific Hotels. Le Chateau Frontenac,Canadian Pacific Railway Company
Canadian Pacific Railway Company. Canadian Pacific Hotels. Log Lodge,Canadian Pacific Railway Company
Canadian Pacific Railway Company. Canadian Pacific Hotels. Palliser Hotel,Canadian Pacific Railway Company
Canadian Pacific Railway Company. Canadian Pacific Hotels. Royal Alexandra Hotel,Canadian Pacific Railway Company
Canadian Pacific Railway Company. Canadian Pacific Hotels. Royal York Hotel,Canadian Pacific Railway Company
Canadian Pacific Railway Company. Canadian Pacific Hotels. The Algonquin Hotel,Canadian Pacific Railway Company
Canadian Pacific Railway Company. Canadian Pacific Hotels. The Empress Hotel,Canadian Pacific Railway Company
Canadian Pacific Railway Company. Canadian Pacific News Department,Canadian Pacific Railway Company
Canadian Pacific Railway Company. Canadian Pacific Ocean Service,Canadian Pacific Railway Company
Canadian Pacific Railway Company. Canadian Pacific Resort Hotels,Canadian Pacific Railway Company
Canadian Pacific Railway Company. Canadian Pacific Steamships,Canadian Pacific Railway Company
Canadian Pacific Railway Company. Canadian Pacific Telegraph,Canadian Pacific Railway Company
Canadian Pacific Railway Company. Car Department,Canadian Pacific Railway Company
Canadian Pacific Railway Company. Central Division,Canadian Pacific Railway Company
Canadian Pacific Railway Company. Colonization Department,Canadian Pacific Railway Company
Canadian Pacific Railway Company. Communications Department,Canadian Pacific Railway Company
Canadian Pacific Railway Company. CP Hotels. The Palliser,Canadian Pacific Railway Company
Canadian Pacific Railway Company. Department of Colonization and Development,Canadian Pacific Railway Company
Canadian Pacific Railway Company. Department of Colonization and Development. Bureau of Canadian Information,Canadian Pacific Railway Company
Canadian Pacific Railway Company. Department of Colonization and Development. Industrial Branch,Canadian Pacific Railway Company
Canadian Pacific Railway Company. Department of Natural Resources,Canadian Pacific Railway Company
Canadian Pacific Railway Company. Department of Natural Resources. Industrial Branch,Canadian Pacific Railway Company
Canadian Pacific Railway Company. Department of Public Relations,Canadian Pacific Railway Company
Canadian Pacific Railway Company. Department of Research.,Canadian Pacific Railway Company
Canadian Pacific Railway Company. Development Branch,Canadian Pacific Railway Company
Canadian Pacific Railway Company. Dining Car Service,Canadian Pacific Railway Company
Canadian Pacific Railway Company. Eastern Lines,Canadian Pacific Railway Company
Canadian Pacific Railway Company. General Passenger Department,Canadian Pacific Railway Company
Canadian Pacific Railway Company. Great Lake Steamship Service,Canadian Pacific Railway Company
Canadian Pacific Railway Company. Great Lakes Steamships,Canadian Pacific Railway Company
Canadian Pacific Railway Company. Hotel Department,Canadian Pacific Railway Company
Canadian Pacific Railway Company. Hotel Department. Hotel Vancouver,Canadian Pacific Railway Company
Canadian Pacific Railway Company. Hotel System,Canadian Pacific Railway Company
Canadian Pacific Railway Company. Hotel System. Hotel Palliser,Canadian Pacific Railway Company
Canadian Pacific Railway Company. Hotel System. Royal Alexandra Hotel,Canadian Pacific Railway Company
Canadian Pacific Railway Company. Industrial Department,Canadian Pacific Railway Company
Canadian Pacific Railway Company. Industrial Department. Western Lines,Canadian Pacific Railway Company
Canadian Pacific Railway Company. Irrigation Department,Canadian Pacific Railway Company
Canadian Pacific Railway Company. Irrigation Department. Alberta and B.C. Land Departments,Canadian Pacific Railway Company
Canadian Pacific Railway Company. Land Department,Canadian Pacific Railway Company
Canadian Pacific Railway Company. London Agency,Canadian Pacific Railway Company
Canadian Pacific Railway Company. Mechanical Department,Canadian Pacific Railway Company
Canadian Pacific Railway Company. News Department,Canadian Pacific Railway Company
Canadian Pacific Railway Company. News Service,Canadian Pacific Railway Company
Canadian Pacific Railway Company. Office of the General Freight Traffic Manager,Canadian Pacific Railway Company
Canadian Pacific Railway Company. Office of the General Manager,Canadian Pacific Railway Company
Canadian Pacific Railway Company. Office of the Manager of Transportation,Canadian Pacific Railway Company
Canadian Pacific Railway Company. Office of the Second Vice-President,Canadian Pacific Railway Company
Canadian Pacific Railway Company. Pacific Steamship Lines,Canadian Pacific Railway Company
Canadian Pacific Railway Company. Passenger Department,Canadian Pacific Railway Company
Canadian Pacific Railway Company. Passenger Traffic Department,Canadian Pacific Railway Company
Canadian Pacific Railway Company. Pension Department,Canadian Pacific Railway Company
Canadian Pacific Railway Company. Prairie and Pacific Regions,Canadian Pacific Railway Company
Canadian Pacific Railway Company. Royal Mail Steamers,Canadian Pacific Railway Company
Canadian Pacific Railway Company. Royal Mail Steamship Line,Canadian Pacific Railway Company
Canadian Pacific Railway Company. Royal Mail Steamship Line. Empress of India,Canadian Pacific Railway Company
Canadian Pacific Railway Company. Royal Mail Steamship Line. Japan & China,Canadian Pacific Railway Company
Canadian Pacific Railway Company. Royal Mail Steamship Lines,Canadian Pacific Railway Company
Canadian Pacific Railway Company. Royal Mail Steamship Lines. Atlantic Service,Canadian Pacific Railway Company
Canadian Pacific Railway Company. Royal Mail Steamship Lines. Pacific Service,Canadian Pacific Railway Company
Canadian Pacific Railway Company. Royal Mail Steamship Service,Canadian Pacific Railway Company
Canadian Pacific Railway Company. Royal Mail Steamships,Canadian Pacific Railway Company
Canadian Pacific Railway Company. Royal Mail Steamships. Pacific Service,Canadian Pacific Railway Company
Canadian Pacific Railway Company. Saskatchewan Division,Canadian Pacific Railway Company
"Canadian Pacific Railway Company. Sleeping, Dining and Parlor Car Department",Canadian Pacific Railway Company
"Canadian Pacific Railway Company. Sleeping, Dining and Parlor Cars and News Service",Canadian Pacific Railway Company
Canadian Pacific Railway Company. Social and Athletic Club,Canadian Pacific Railway Company
Canadian Pacific Railway Company. Soo Pacific Express,Canadian Pacific Railway Company
Canadian Pacific Railway Company. Steamship Lines. Trans-Pacific Service,Canadian Pacific Railway Company
Canadian Pacific Railway Company. The Mountaineer,Canadian Pacific Railway Company
Canadian Pacific Railway Company. Traffic Department,Canadian Pacific Railway Company
Canadian Pacific Railway Company. Travelling Auditor (Vancouver),Canadian Pacific Railway Company
Canadian Pacific Railway Company. Western Division,Canadian Pacific Railway Company
Canadian Pacific Railway Company. Western Lines,Canadian Pacific Railway Company
Canadian Pacific Railway Company. Western Lines Laboratory,Canadian Pacific Railway Company
Canadian Pacific Railway Company. Western Lines. Right of Way Lease Agent.,Canadian Pacific Railway Company
Canadian Pacific Railway. Canadian Pacific Hotels,Canadian Pacific Railway Company
Canadian Pacific Railway. Department of Colonization and Development,Canadian Pacific Railway Company
Canadian Pacific Railway. Department of Natural Resources,Canadian Pacific Railway Company
Canadian Pacific Railway. Ocean Services. Royal Mail Steamships. Empress of Japan,Canadian Pacific Railway Company
Canadian Pacific Steamship Limited,Canadian Pacific Steamship Company
Canadian Pacific Steamship Lines,Canadian Pacific Steamships Ocean Services Limited
Canadian Pacific Steamships,Canadian Pacific Steamships Ocean Services Limited
Canadian Pacific Steamships Limited,Canadian Pacific Steamships Ocean Services Limited
Canadian Pacific Steamships Limited. Atlantic Service,Canadian Pacific Steamships Ocean Services Limited
Canadian Pacific Steamships Limited. Empress of Britain,Canadian Pacific Steamships Ocean Services Limited
Canadian Pacific Steamships Limited. Pacific Service,Canadian Pacific Steamships Ocean Services Limited
Canadian Pacific Steamships Limited. Sales Department,Canadian Pacific Steamships Ocean Services Limited
Canadian Pacific Steamships Limited. Trans-Pacific Service,Canadian Pacific Steamships Ocean Services Limited
Canadian Pacific Steamships Ltd.,Canadian Pacific Steamships Ocean Services Limited
Canadian Pacific Telegraphs,Canadian Pacific Telegraph
Canadian Pacific Tours,Canadian Pacific Railway Company
Canadian Pacific. CP Ships,Canadian Pacific Limited
Canadian Pacific. Public Relations & Advertising,Canadian Pacific Limited
Canadian Society of Civil Engineers,Canadian Society of Civil Engineers
Canadian Steel Chinese Grit (documentary film),National Executive Council of the Canadian Steel Chinese Grit Documentary 
Canadian-Australasian Line Limited,Canadian Australasian Line
Canadian-Australasian Steamship Line,Canadian Australasian Line
Canadian-Australian Steamship Line,Canadian Pacific Steamship Company
Capetown Municipality,Capetown Municipality
Carleton,Carleton Photo
Carnival Cruise Lines,Carnival Cruise Lines
Cavalier Tours Limited,Cavalier Tours Limited
Centennial Museum,Centennial Museum
Central News,Central News
"Chapleau, M.","Chapleau, M."
"Chapman, J. Howard A.","Chapman, J. Howard A."
"Charles Birchall & Sons, Ltd.",Charles Birchall and Sons 
Chateau Frontenac Company,Chateau Frontenac Company
"Chee, Kang Jong","Chee, Kang Jong"
"Chee, Own Kee","Chee, Own Kee"
Cheekungtong (Chinese Freemasons),Cheekungtong (Chinese Freemasons)
Chevrons studio,Chevrons studio
Chicago & Eastern Illinois Railroad. Traffic Department,Chicago and Eastern Illinois Railroad. Traffic Department. 
"Chicanot, E.L.","Chicanot, E.L."
Chief Buffalo Child Long Lance,Chief Buffalo Child Long Lance
Chinatown Historic Area Planning Committee,Chinatown Historic Area Planning Committee
Chinese Band of Portland,Chinese Band of Portland
Chinese Benevolent Association,"Chinese Benevolent Association (Vancouver, B.C.)"
Chinese Benevolent Association of Vancouver,"Chinese Benevolent Association (Vancouver, B.C.)"
Chinese Canadian Association,Chinese Canadian Association
Chinese Canadian Club,Chinese Canadian Club
Chinese Canadian Heritage Fund,Chinese Canadian Heritage Fund
Chinese Cultural Centre (Vancouver),Chinese Cultural Centre of Vancouver
Chinese Cultural Centre of Vancouver,Chinese Cultural Centre of Vancouver
Chinese Herb Co.,Chinese Herb Co.
Chinese Jubilee Trust Fund,Chinese Jubilee Trust Fund
Chinese Nationalist League of Canada,Chinese Nationalist League of Canada
Chinese Peddlers' Association of Vancouver,Chinese Peddlers' Association of Vancouver
Chinese Produce Peddlers' Association,Chinese Produce Peddlers' Association
Chinese Public School (Vancouver),Chinese Public School in Vancouver
Chinese Public School in Vancouver,Chinese Public School in Vancouver
Chinese Public School in Victoria,Chinese Public School in Victoria
Chinese Student's Association,Chinese Student's Association
Chinese United Growers' Association,Chinese United Growers' Association
Chinese Workers Protective Association,Chinese Workers Protective Association
"Chinese Youth Association of Victoria, B.C.","Chinese Youth Association of Victoria, B.C."
"Ching, Lee K.","Ching, Lee K."
"Choko, Marc H.","Choko, Marc H."
"Choy, Wayson","Choy, Wayson"
Christian Bell Porcelain Ltd.,Christian Bell Porcelain 
Christian Info News,Christian Info News
"Chung, Dr. W. B.","Chung, Wallace B."
"Chung, Nye","Chung, Nye"
"Chung, W. B.","Chung, Wallace B."
"Chung, Wallace B.","Chung, Wallace B."
City of Kelowna,City of Kelowna
City of North Vancouver,City of North Vancouver
City of Toronto,City of Toronto
City of Vancouver,City of Vancouver
Clandonald Settlers Association,Clandonald Settlers Association
"Clark, Annabella","Clark, Annabella"
"Clark, Frank C.","Clark, Frank C."
"Clarke, Anthony","Clarke, Anthony"
"Cleator, Iain G.M.","Cleator, Iain G.M."
Clifton-Ford Hotel,Clifton-Ford Hotel
"Climo, Halifax","Climo, Halifax"
"Cochrane, Fredrick E.","Cochrane, Fredrick E."
Coffee Dan's Sandwich Shop,Coffee Dan's Sandwich Shop
"Coleman, D. C.","Coleman, D.C."
Colibri Lighters Ltd,Colibri Lighters 
"Colling, L. J.","Colling, L.J."
Collingwoods,Collingwood China Ltd. 
Colony of the Island of Vancouver,Vancouver Island (Colony)
Columbia Transfer Company,Columbia Transfer Company
"Commission of Mathew Begbie, et al.",British Columbia. Lieutenant-Governor. (Francis 1881-1887)
Consulate of the Republic of China,Consulate of the Republic of China
"Cooke, F. H.","Cooke, F.H."
"Cooke, J. F.","Cooke, J.F."
"Coombe, Geo. B.",Canadian Pacific Railway Company
"Cooper, Fairman & Co.","Cooper, Fairman and Co. "
"Corgina, G.","Corgina, G."
"Cottrell, Geo. H.","Cottrell, George H."
"Couillard, Roger","Couillard, Roger"
"Courtney, George L.","Courtney, George L."
CP Air,CP Air
CP Bygones,CP Bygones
CP Hotels,CP Hotels
CP Rail,CP Rail
CP Rail. Ferry Services,CP Rail
CP Ships,CP Ships
CP Ships. Empress of Canada,CP Ships
Cranbrook Railway Museum,Cranbrook Railway Museum
"Crane, Frank","Crane, Frank"
"Crawford, Lawrence","Crawford, Lawrence"
"Crockart, James","Crockart, James"
Crown,Crown Staffordshire Porcelain Co. Ltd.
"Crump, N. R.","Crump, N.R."
"Crump, Nicholas","Crump, Nicholas"
Crystal Bakery,Crystal Bakery
Cumming Brothers,Cumming Brothers
"Cumyow, Won Alexander","Cumyow, Won Alexander"
"Curtis, M. Louise","Curtis, M. Louise"
"D'Altroy, A. R.","D'Altroy, A.R."
Dart Coon Club,Dart Coon Club
"David, Kitty","David, Kitty"
"Davidson, Charles","Davidson, Charles"
"Davidson, I.G.","Davidson, I.G."
"Davies, John","Davies, John"
"Dawson, S. J.","Dawson, S.J."
"Day, Harold","Day, Harold"
"De Laval, John","De Laval, John"
Dedman's Photo Shop,Dedman's Photo Shop
"DeMorgan, E.","DeMorgan, E."
"DeMorgan, S. A.","DeMorgan, S.A."
"DeMuth, Flora","DeMuth, Flora"
Department of Immigration and Colonization,Government of Canada. Department of Immigration and Colonization.
Department of Immigration and Colonization Chinese Immigration Service,Government of Canada. Department of Immigration and Colonization. Chinese Immigration Service. 
Designers Three Inc.,Deisgners Three Incorporated 
Deutsche Zentrale Fur Fremdenverkehr,Deutsche Zentrale Fur Fremdenverkehr
"Devon, James","Devon, James"
"Dewdney, E.","Dewdney, E."
"Dickson, Charles","Dixon, Charles"
"Dixon, Charles","Dixon, Charles"
"Doberck, W.","Doberck, W."
Dodie,Dodie
Dollar Steamship Line,Dollar Steamship Line
Dominion Express Company,Dominion Express Company
Dominion Glass Company,Dominion Glass Company
Dominion of Canada. Minister of Railways and Canals,Dominion of Canada. Minister of Railways and Canals
"Don, Wong","Don, Wong"
"Douglas, L. D.","Douglas, L.D."
"Dring, H. G.","Dring, H.G."
"Dunsmuir, James, 1851-1920.","Dunsmuir, James"
"Dunsmuir, Robert, 1825-1889","Dunsmuir, Robert"
E. Chapman Ltd.,E. Chapman Limited
E.T. Wright & Company,E.T. Wright & Company
"Eastham, J. W.","Eastham, J.W."
"Eastham, J.W.","Eastham, J.W."
Eddy Match Company Canada,"Eddy Match Company (Quebec, Canada)"
"Edwards, Gillespie","Edwards, Gillespie"
Elizabethan fine bone china,Elizabethan Fine Bone China
"Elkan, Carl Heinz","Elkan, Karl Heinz"
"Elkan, Karl Heinz","Elkan, Karl Heinz"
Elkington and Company,Elkington and Company
"Elliot, Charles","Elliot, Charles"
"Elliott, Frank S.","Elliott, Frank S."
Elsie,Elsie
"Emery, C. D.","Emery, C.D."
Empress Manufacturing Company,Empress Manufacturing Company
Empress of Canada,Canadian Pacific Steamships Ocean Services Limited
Eng Chow Company,Eng Chow Company
England. Board of Trade,England. Board of Trade
"Erny, E.","Erny, E."
Esquimalt and Nanaimo Railway Company,Esquimalt and Nanaimo Railway Company
Esquimalt and Nanaimo Railway Company. Land Department,Esquimalt and Nanaimo Railway Company
"Evatt, G. J. H.","Evatt, G.J.H."
"Ewart, Peter","Ewart, Peter"
F.G. Clover,F.G. Clover Co.
Fairfield Shipbuilding & Engineering Company Limited,Fairfield Shipbuilding and Engineering Company
Fairfield Shipbuilding and Engineering Company,Fairfield Shipbuilding and Engineering Company
Fairfield Shipbuilding and Engineering Company Limited,Fairfield Shipbuilding and Engineering Company
"Finch, W. G.","Finch, W. G."
"Finley, W. B.","Finley, W.B."
First District of California,First District of California
"Fiske, George","Fiske, George"
"Fleming Brothers (Victoria, B.C.)","Fleming Brothers (Victoria, B.C.)"
"Fleming, S.","Fleming, Sandford"
"Fleming, Sandford, 1827-1915.","Fleming, Sandford"
"Fleming, Sandford, Sir, 1827-1915.","Fleming, Sandford"
"Fong, Get","Fong, Get"
"Fong, Roy","Fong, Roy"
"Ford, Ashley","Ford, Ashley"
"Ford, Basil","Ford, Basil"
"Forde, Jno","Forde, Jno"
"Forde, John.","Forde, John"
"Forster, J.J.","Forster, J.J."
"Forster, Mr. and Mrs.","Forster, Mr. and Mrs."
Fort William. Office of the Resident Engineer,Fort William. Office of the Resident Engineer
Fourways Travel Limited,Fourways Travel Limited
Frames' Tours Ltd.,Frames' Tours 
"Frank, Edward","Frank, Edward"
"Frank, Leonard","Frank, Leonard"
"Franklin, Benjamin, 1907-1988","Franklin, Benjamin"
"Fraser, Donald","Fraser, Donald"
"Fraser, James Alexander","Fraser, James Alexander"
"Fraser, John A.","Fraser, John A."
"Fraser, Norman","Fraser, Norman"
"Fredrick, F.","Fredrick, F."
French Line,Compagnie Generale Transatlantique
G. High Company,G. High Company
G.H.E. Hudson,"Hudson, G.H.E. "
"Gallagher, Mary","Gallagher, Mary"
"Gardiner, David","Gardiner, David"
"Gascogne, Margaret","Gascogne, Margaret"
"Gay, W. R.","Gay, W.R."
Geological Survey of Canada,Geological Survey of Canada
George J. Drobey Canadian Overseas Tours,Canadian Overseas Tours
Gibb Yip,"Yip, Gibb"
"Gibbon, J. Murray","Gibbon, J. Murray"
"Gibson, Joyce","Gibson, Joyce"
"Gillespie, Gordon Fraser","Gillespie, Gordon Fraser"
Gim Lee Yuen Ltd.,Gim Lee Yuen Limited
Glasgow Bulletin,Glasgow Bulletin
Glenbow Museum,Glenbow-Alberta Institute. Glenbow Museum
Glenbow-Alberta Institute. Glenbow Museum,Glenbow-Alberta Institute. Glenbow Museum
Glenbow-Alberta Institute. Glenbow Museum.,Glenbow-Alberta Institute. Glenbow Museum
Glenbow-Alberta Institute. Glenbow-Alberta Museum,Glenbow-Alberta Institute. Glenbow Museum
Globe and Mail,Globe and Mail
"Godden, P. H.","Godden, P.H."
"Goetz, Peter","Goetz, Peter"
Golden Dragon,Golden Dragon (Restaurant)
Golden Dragon (restaurant),Golden Dragon (Restaurant)
Golden North Hotel,Golden North Hotel
"Gordon Photos, Vancouver, B.C.",Gordon Photos
"Gordon, F.","Gordon, F."
Government of British Columbia,Government of British Columbia
Government of Canada,Government of Canada
Government of Canada. Department of the Secretary of State of Canada.,Government of Canada. Department of the Secretary of State of Canada.
Government of the Dominion of Canada,Government of the Dominion of Canada
Gowen Sutton Company,Gowen Sutton Company
"Gowland, Gladys M.","Gowlland, Gladys M."
"Gowlland, Gladys M.","Gowlland, Gladys M."
Granada Studio,Granada Studio
Grandview United Young People's Society,Grandview United Young People's Society
"Grant, George M.","Grant, George Monro"
Graphic Industries Ltd.,Graphic Industries
"Gray, H. L.","Gray, H.L."
Great Britain. Admiralty,Great Britain. Admiralty
Great Indian Peninsula Railway,Great Indian Peninsula Railway
Great North Western Telegraph Company of Canada,Great North Western Telegraph Company of Canada
Great Northern Railway,Great Northern Railway
Greater Vancouver Convention & Visitors Bureau,Greater Vancouver Convention and Visitors Bureau
Greek Line,Greek Line
"Gribble, Bernard","Gribble, Bernard"
Guaranty Company of New York,Guaranty Company of New York
"H, B and S",Herbert Bushell and Son
H. Shorey & Company,H. Shorey & Company
H.M. Rose,"Rose, H.M."
"Hale, Katherine","Hale, Katherine"
Hall,Hall China Company
Hamburg America Lines,Hamburg-American Line
Hamburg-America Line,Hamburg-American Line
Hamburg-American Line,Hamburg-American Line
"Hamilton, Gordon","Hamilton, Gordon"
"Hamilton, John","Hamilton, John"
"Hamilton-Temple-Blackwood, Frederick","Hamilton-Temple-Blackwood, Frederick"
"Hammer, Eric","Hammer, Eric"
Hammersley,Hammersley & Co. Bone China 
"Hanawalt, John","Hanawalt, John"
"Hanley, Ann","Hanley, Ann"
"Hardcastle, J. H.","Hardcastle, J.H."
Hardinges,Hardinges
Harpers Weekly,Harpers Weekly
"Harris, Frann","Harris, Frann"
"Hart, Alfred A.","Hart, Alfred A."
"Harwood, H. S. and Mrs. Harwood","H.S. Harwood, Mr. and Mrs. "
Hastings Photo,Hastings Photo
"Haynes, F. Jay","Haynes, Frank Jay"
"Heathorn, Arthur","Heathorn, Arthur"
"Heeney, T.","Heeney, T."
"Hesketh, Les.","Hesketh, Les."
"Hewson, M. Butt","Hewson, M. Butt"
"Hilder, A. H.","Hilder, A.H."
Hill,Hill
Hiram L. Piper Company,Hiram L. Piper Company
"Hodge, George","Hodge, George"
"Hodge, Jack R.","Hodge, Jack R."
"Hodges, J. K.","Hodges, J.K."
Hodson,Hodson
"Holland, A. J.","Holland, A.J."
Holland-America Line,Holland-America Line
"Holling, R.","Holling, R."
Hong Kong Tourist Association,Hong Kong Tourist Association
Hong Wo & Co,Hong Wo & Co. 
"Hong, Hing So","Hong, Hing So"
"Hong, L.B.","Hong, L.B."
Hongkong & Shanghai Hotels Ltd.,Hongkong & Shanghai Hotels Ltd. 
Hongkong Daily Press,Hongkong Daily Press
"Honolulu Rapid Transit Co., Ltd.",Honolulu Rapid Transit 
"Horetzky, Charles","Horetzky, Charles"
"Hosken, Alexander James","Hosken, Alexander James"
Hotel Governor Clinton,Hotel Governor Clinton
Hotel Mar,Hotel Mar
Hotel Negresco,Hotel Negresco
Hotel Touring & Red Ox,Hotel Touring and Red Ox
Hotel Vancouver,Canadian Pacific Railway Company. Canadian Pacific Hotels. Hotel Vancouver
"Howard, Roy E.","Howard, Roy E."
"Howe, Walter S.","Howe, Walter S."
Huataico,Huatai Co. 
Hudson's Bay Company,Hudson's Bay Company
"Hughes, E. J.","Hughes, E.J."
"Hughes, Lee","Hughes, Lee"
"Hunter, George","Hunter, George"
"Hutchinson, J. R.","Hutchinson, J.R."
"Huxtable, Nils","Huxtable, Nils"
Illustrated London News,Illustrated London News
Imperial Art Studio,Imperial Art Studio
"Ing, Douglas","Ing, Douglas"
International Railway Publishing Company,International Railway Publishing Company
International Silver Company of Canada,International Silver Company of Canada
International Travel Service Limited,International Travel Service Limited
"Ireland, W. E.","Ireland, W.E."
"Isherwood, J. H.","Isherwood, J.H."
J. Alf Dagenais Elite Studio,J. Alf Dagenais Elite Studio
J. and G. Meakins,J. and G. Meakin
J. H. Baxten,"Baxter, J.H. "
J. White,"White, J. "
J.C. Deagan Musical Bells,J.C. Deagan Musical Bells
Jack Cash Photographic Studios,Jack Cash Photographic Studios
"Jackman, W. T.","Jackman, W.T."
"Jackson, Alexander Young","Jackson, Alexander Young"
James Boring Co. Inc.,James Boring Co.
"James Orr Marples, Illuminator","Orr Marples, James"
"James, William A.","James, William A."
Japan Tourist Bureau,Japan Tourist Bureau
Jen Jen Studio,Jen Jen Studio
"Jenner, Paul","Jenner, Paul"
John Maddock and Sons,John Maddock and Sons
Johnson,Johnson Studio
"Johnson, C. Nesbit","Johnson, C. Nesbit"
"Johnson, C. W.","Johnson, C.W."
"Johnson, W. H.","Johnson, W.H."
"Johnston, J. R. Y.","Johnston, J.R.Y."
"Jolicoeur, E. P.","Jolicoeur, E.P."
"Joliffe, A.L.","Joliffe, A.L."
Jones Beach Marine Theatre,Jones Beach Marine Theatre
"Jones, David L.","Jones, David L."
"Jones, Walter R.","Jones, Walter R."
"Jue, Frank","Jue, Frank"
Justice of the peace for the province of British Columbia,British Columbia. Justice of the Peace. 
Kam Yen Jan Co. Ltd.,Kam Yen Jan Co. Ltd.
"Kan, Thomas","Kan, Thomas"
Karl Kre? Wwe. & Co.,Karl Kre? Wwe. and Co.
"Kauffmann, G. Y.","Kauffmann, G.Y."
"Kee, Lee","Lee, Kee"
Keefer Florist Company,Keefer Florist Company
"Keefer, G. A.","Keefer, G.A."
"Keefer, Thomas C.","Keefer, Thomas C."
Kelly,"Kelly, J.D. "
Kennedy,Kennedy Photographer
Kennedy Photographer,Kennedy Photographer
"Kennedy, Howard Angus","Kennedy, Howard Angus"
"Kepment, Lee","Lee, Kepment"
"Kerr, R.","Kerr, R."
Kessler Productions,Kessler Productions
"Kilburn, B.W.","Kilburn, Benjamin West"
King Studio,King Studio
"King, Cecil","King, Cecil"
"King, E.F.","King, E.F."
"King, Marcus","King, Marcus"
"King, William Lyon Mackenzie","King, William Lyon Mackenzie"
"Kinney, Katherine Olivia","Kinney, Katherine Olivia"
"Kirkwood, S. J.","Kirkwood, S.J."
"Kitzig, W.","Kitzig, W."
"Knight, Geo. H.","Knight, Geo H. "
"Knight, H. U.","Knight, H.U."
Knights Ltd.,Knights Limited
Knights of Columbua,Knights of Columbua
"Ko, C. Y.","Ko, C.Y."
Kodak Canada Inc.,Kodak Canada Inc.
"Kopas, Clifford R.","Kopas, Clifford R."
Krass studio,Krass studio
"Kuo Seun Co., Ltd.",Kuo Seun Co.
Kuomintang,Chinese Nationalist League
Kwong Man Sang Co. Ltd.,Kwong Man Sang Co. 
"Kwong, On Wo","Kwong, On Wo"
"LaFleur, Flossie Adelia Studley","LaFleur, Flossie Adelia Studley"
"Lam, David","Lam, David"
"Lamy, J.","Lamy, J."
"Landers, Frary and Clark","Landers, Frary and Clark"
"Langdon, Shepard and Company","Langdon, Shepard and Company"
"Langelier, F.","Langelier, F."
"Langevin, H. L.","Langevin, H.L."
"Langevin, Hector, Sir, 1826-1906.","Langevin, Hector-Louise, Sir"
"Larson, T. N.","Larson, T.N."
"Laurier, Wilfred","Laurier, Wilfred"
"Lavallee, Omer","Lavallee, Omer"
"Lavallee, Omer","Lavallee, Omer"
"Lawrence, Annie","Lawrence, Annie"
"Lawrence, Clare","Lawrence, Clare"
"Lawrence, George R.","Lawrence, George R."
"Leader-Post, Regina","Leader-Post, Regina"
Lee Bo Hong,"Lee, Bo Hong"
"Lee, Jake","Lee, Jake"
"Lee, Joe","Lee, Joe"
"Lee-Young, Johanne","Lee-Young, Johanne"
"Lefroy, Walter J. M.","Lefroy, Walter J.M."
Legislative Assembly of the Territory of Washington,Legislative Assembly of the Territory of Washington
"Leighton, Alfred Crocker","Leighton, Alfred Crocker"
"Leonard, J. M.","Leonard, J.M."
Leong Ding Bong,Leong Ding Bong
"Leslie, J.","Leslie, J."
"Lewis, J. Baines","Lewis, J. Baines"
"Lie, Jan","Lie, Jan"
"Light, John P.","Light, John P."
"Lim, Bang","Lim, Bang"
Limoges,Limoges
Lin Shing Co.,Lin Shing Co.
"Lindsay, Jack","Lindsay, Jack"
"Lines, Kenneth W.","Lines, Kenneth W."
"Lockett, Alan","Lockett, Alan"
"Logan, Maurice","Logan, Maurice"
London News Agency,London News Agency
"Loney, Don","Loney, Don"
Loo Shaw Studio,Loo Shaw Studio
Lovick Studio,Lovick Studio
Lucerne-in-Quebec Community Association Limited,Lucerne-in-Quebec Community Association Limited
"Lum, Berll","Lum, Berll"
"Lum, Bertha","Lum, Bertha"
"Lynch, Dr.","Lynch, Dr. "
"Lynde, Peter","Lynde, Peter"
"M, W. F.","M., W.F. "
"M., J.","M.,J. "
"Macbeth, Madge","Macbeth, Madge"
"MacBeth, R. G.","MacBeth, R.G."
"MacDonell, Andrew","MacDonell, Andrew "
"MacDonell, Father Andrew",Mundy Maps Co. 
"MacDonell, Roderick Andrew","MacDonell, Roderick Andrew"
"Macdougall, William","Macdougall, William"
"MacInnis, Grace and Angus MacInnis","MacInnis, Grace; MacInnis, Angus "
"Mackenzie, A. D.","Mackenzie, A.D."
"Mackinnon, D.P.","Mackinnon, D.P."
"Mackintosh, Norman","Mackintosh, Norman"
Maclean's Magazine,Maclean's Magazine
"Macleod, H.","Macleod, H."
"MacMunn, Charles","MacMunn, Charles"
Mandarin Garden Cabaret,Mandarin Garden Cabaret
"Mann, James S.","Mann, James S."
Mappin and Webb,Mappin and Webb 
Marcel Photographic Reproductions,Marcel Photographic Reproductions
Marine Design Associates Limited,Marine Design Associates 
Marine Food Service Equipment and Furnishings,Marine Food Service Equipment and Furnishings
Mark Ten Suie Trading Company,Mark Ten Suie Trading Company
"Martin, Chester","Martin, Chester"
"Mason, Frank M.","Mason, Frank M."
"Matheson, Charles Winfield","Matheson, Charles Winfield"
Maurice,"Logan, Maurice "
"Maynard, R.","Maynard, R."
Mayo and Weed,Mayo and Weed
Mayor's Office of Vancouver,Mayor's Office of Vancouver
May's Photo,May's Photo
"McCann, Leonard G.","McCann, Leonard G. "
"McCormick, J. M.","McCormick, J.M."
"McDonnell, T.E.","McDonnell, T.E."
"McGreer, G. G.","McGreer, G.G."
"McGregor, Helen","McGregor, Helen"
"McInnis, Dan","McInnis, Dan"
"McIntyre, Duncan","McIntyre, Duncan"
"McKee, Wm. C.","McKee, Wm. C. "
"McKell, James","McKell, James"
"McLelan, A. W.","McLelan, A.W."
McLelland & Stewart Limited,McLelland & Stewart Limited
"McLeod, M.","McLeod, M."
"McMartin, Pete","McMartin, Pete"
"McMorrow, John","McMorrow, John"
"McNeill, A.B. (Burt)",Burt
"McPherson, Marion","McPherson, Marion"
"Meany, Edmond S.","Meany, Edmond S."
Medalta,Medalta
Medford House,Medford House
"Meirat, Jean","Meirat, Jean"
"Meiser, J.A.","Meiser, J.A."
"Menzies, Thomas Philip Oxenham","Menzies, Thomas Philip Oxenham"
Metcalf,Metcalf
Michigan Central Railroad,Michigan Central Railroad
"Millard, C.","Millard, C."
"Millett, George","Millett, George"
"Milligan, Doris S.","Milligan, Doris S."
Minton,Minton
Missionary Society Church of England in Canada,Missionary Society Church of England in Canada
Mitchell,Mitchell
"Mitchell, William","Mitchell, William"
"Mitchell-Foley, Ltd","Mitchell-Foley, Ltd"
"Moberly, Walter","Moberly, Walter"
Mohawk,Mohawk
Mon Fa Printers,Mon Fa Printers
Montreal Gazette,Montreal Gazette
Montreal Herald and Daily Commercial Gazette,Montreal Herald and Daily Commercial Gazette
Moore,Moore
"Moore, [Elbridge W.]"," Moore, [Elbridge W.]"
"Moore, Gary","Moore, Gary"
"Moore, M. W.","Moore, M.W."
"Morant, Nicholas","Morant, Nicholas"
"Morck, G.","Morck, G."
Morley Co. Ltd.,Morley Co. Ltd.
"Morris, Elizabeth Keith","Morris, Elizabeth Keith"
"Morris, J.","Morris, J."
"Morris, Keith","Morris, Keith"
Morton-Parke,Morton-Parke
Mount Stephen Club,Mount Stephen Club
Mowell & Morrison,Mowell & Morrison
Mrs. Pearson's Blue Bird Inn,Mrs. Pearson's Blue Bird Inn
"Muir, Jessie","Muir, Jessie"
"Murchie, Archibald","Murchie, Archibald"
"Musk, George","Musk, George"
"Mylett, W.J.","Mylett, W.J."
N.Y.K. Line,N.Y.K. Line
Nan Young Hong Association,Nan Young Hong Association
National Defense Photograph Canada,National Defense Photograph Canada
National Museum of Science and Technology,National Museum of Science and Technology
National Safety Council,National Safety Council
National Turkish Tourist Agency,National Turkish Tourist Agency
Native Sons of British Columbia,Native Sons of British Columbia
Natural color productions,Natural color productions
"Neal, W.M.","Neal, W.M."
Nederland Royal Mail Line,Nederland Royal Mail Line
"Neilsen, Hedlay","Neilsen, Hedlay"
"Nelson, [Christopher A.]","Nelson, C. A. "
New Summits College,New Summits College
New Westminster Chinese Patriotic Society,New Westminster Chinese Patriotic Society
"Newton, Derek","Newton, Derek"
"Nichol, Alex","Nichol, Alex"
Nicholas Morani,"Morant, Nicholas"
"Nimmo, Joseph Jr.","Nimmo, Joseph Jr."
"Norman, Henry","Norman, Henry"
North Pacific Press,North Pacific Press
North Staffordshire Potter Company,North Staffordshire Pottery Company
North Staffordshire Pottery Company,North Staffordshire Pottery Company
Northwestern Steamship Co. Ltd.,Northwestern Steamship Co. Ltd.
Notman and Son,William Notman and Son Photography
"Notman, William","Notman, William"
Oelrichs and Co,Oelrichs and Co.
"Office of Registrar Births, Deaths, and Marriages","British Columbia. Office of Registrar, Births, Deaths, and Marraiges."
Office of the Surveyor General,Office of the Surveyor General
Office Specialty Manufacturing Company,Office Specialty Manufacturing Company
"Ogden, Isaac G.","Ogden, Isaac G."
"Ohori, Joe","Ohori, Joe"
Ontario and Quebec Railway Company,Ontario and Quebec Railway Company
"Osadchuk, Greg","Osadchuk, Greg"
P. Lawson Travel,P. Lawson Travel
Pacific Steamship Company,Canadian Pacific Steamship Company
"Palmer, Alfred T.","Palmer, Alfred T."
"Pansing, Fred","Pansing, Fred"
Parmelee Company,Parmelee Company
Paterson,Paterson
W. B.,W.B.
"Patten, C. R.","Patten, C.R."
"Patterson, Harry","Patterson, Harry"
"Paulsson, Erik","Paulsson, Erik"
"Peach, Jack","Peach, Jack"
"Pearce, J.","Pearce, J."
Peiping-Liaoning Railway,Peiping-Liaoning Railway
Peiping-Lioning Railway,Peiping-Liaoning Railway
Pender Y.W.C.A,Pender Y.W.C.A
Peninsular and Oriental Steam Navigation Company,Peninsular and Oriental Steam Navigation Company
"Peters, Denis","Peters, Denis"
"Phillips, James W.","Phillips, James W."
"Phillips, Percival","Phillips, Percival"
"Phillips, W. J.","Phillips, W.J."
Photogelatine Engraving Co. Limited,Photogelatine Engraving Co.
"Piltz, Stanley A.","Piltz, Stanley A."
"Pinnington, Bernard","Pinnington, Bernard"
Piper,Piper
"Plumb, J. B.","Plumb, J.B."
Pokwong,Pokwong
Pokwong [Bowguang studio?],Baoguang Photography
Political Activities of the Chinese,Political Activities of the Chinese
"Pollard, Harry","Pollard, Harry"
"Poole Bros, Chicago",Poole Bros. Chicago.
"Poon, Joanne Mei-Chu","Poon, Joanne Mei-Chu"
"Pope, Joseph","Pope, Joseph"
"Power, Sir James, and Lady Power","Power, Sir James, and Lady Power"
"Pratt, F.D.","Pratt, F.D."
"Pratt, George R.","Pratt, George R."
Price Printing Limited,Price Printing Limited
"Price, J. Glanville","Price, J. Glanville"
Prince George Limited Partnership,"Ritchie, G.W. ; Prince George Limited Partnership "
Prince Rupert Daily News,Prince Rupert Daily News
"Prior, H.K.","Prior, H.K."
"Prior, Melton","Prior, Melton"
Procter & Gamble,Proctor & Gamble
Province of British Columbia,Province of British Columbia
Provincial Planning Board,Provincial Planning Board
Puget Sound Navigation Company,Puget Sound Navigation Company
Pullman Company,Pullman Company
Pullman's Palace Car Company,Pullman's Palace Car Company
"Pynn, Larry","Pynn, Larry"
R. H. Trueman & Company,R.H. Trueman & Company
R. M. Truman & Co.,R.H. Trueman & Company
Radfords,Radfords
Railway Appliance Research,Railway Appliance Research
Ramona Mar,"Mar, Ramona"
"Ramsey, Carolyn","Ramsey, Carolyn"
Rand & Lipsett,Rand & Lipsett
"Randal, Alan","Randal, Alan"
"Ratcliffe, E. M. E.","Ratcliffe, E.M.E."
Raymond & Whitcomb Company. Travel Guide Department,Raymond & Whitcomb Company. 
"Reilly, J. J.","Reilly, J.J."
Revelstoke Historical Association,Revelstoke Historical Association
Richard Beard Gallery,Richard Beard Gallery
Richard Beard Marine Paintings,Richard Beard Marine Paintings
"Richardson, C.","Richardson, C."
"Richardson, Carrie Ingels","Richardson, Carrie Ingels"
"Richardson, Carrie Ingels (Family)","Richardson, Carrie Ingels"
"Richardson, Florence","Richardson, Florence Elizabeth"
"Richardson, Florence Elizabeth","Richardson, Florence Elizabeth"
"Richardson, Mary Caroline","Richardson, Mary Caroline"
"Richeson, David R.","Richeson, David R."
"Richmond, Leonard","Richmond, Leonard"
Rickshaw Chinese Food,Rickshaw Chinese Food
Ridgway Potteries,Ridgway Potteries
"Ritchie, Alick P. F.","Ritchie, Alick P.F."
"Robinson, Captain Samuel","Robinson, Captain Samuel"
"Robinson, Howard","Robinson, Howard"
"Robinson, Hugh G.","Robinson, Hugh G."
"Robinson, S.","Robinson, Captain Samuel"
"Robinson, W. Heath","Robinson, William Health"
"Rodgers, John","Rodgers, John"
"Rodmell, Harry Hudson","Rodmell, Harry Hudson"
"Rogers, Albert Bowman, 1829-1889","Rogers, Albert Bowman"
"Rose, Cowan & Latta",Lum Ting
Rosenthal,Rosenthal
"Rosenvinge, Odin","Rosenvinge, Odin"
Rosetti Studios,Rosetti Studios
Roxborough Kootenay Hotel,Roxborough Kootenay Hotel
Royal Canadian Geographical Society,Royal Canadian Geographical Society
Royal Mail Turbine Steamers. Allan Line,Allan Line Royal Mail Steamers
Royal Naval Reserve,Royal Naval Reserve
Royal Worcester,Royal Worcester
"Rutter, Thomas H.","Rutter, Thomas H."
"Ryan, Jim","Ryan, Jim"
S. Singh,"Singh, S. "
S.J. Thompson,"Thompson, Stephen Joseph"
Sai Wo Studio,Sai Wo Studio
Saint John Board of Trade,"Board of Trade (Saint John, N.B.)"
Sam Wo Hing & Co.,Sam Wo Hing & Co. 
"Sanders Phillips & Co, Ltd.",Sanders Phillips and Co. 
Sandman Inn,Sandman Inn
"Sandys, Ed. W.","Sandys, Ed.W."
"Schramm, Mathieu","Schramm, Mathieu"
"Schreiber, Collingwoods","Schreiber, Collingwoods"
"Schrüder, Robert","Schruder, Robert"
"Scidmore, Eliza Ruhamah","Scidmore, Eliza Ruhamah"
Scottish Immigrant Aid Society,Scottish Immigrant Aid Society
"Seal, Elizabeth Rayner","Seal, Elizabeth Rayner"
Secretary of State of Canada,Government of Canada. Department of the Secretary of State of Canada.
Seth Thomas Clock Company,Seth Thomas Clock Company
"Shackleton, Katherine","Shackleton, Kathleen"
"Shapkin, Linda","Shapkin, Linda"
"Shaughnessy, Thomas G.","Shaughnessy, Thomas G."
"Shaw, R. H.","Shaw, R.H."
"Shaw, Robert Henry","Shaw, Robert Henry"
"Shaw, S.M.I.","Shaw, C.G. "
"Sherriff, J.A.","Sherriff, J.A."
"Sherriff-Scott, Adam, 1887–1980","Sherriff-Scott, Adam"
Shipbuilder,Shipbuilder Press 
Shipbuilding & Shipping Record,Shipbuilding and Shipping Record
Shipbuilding and Shipping Record,Shipbuilding and Shipping Record
"Shoesmith, Kenneth","Shoesmith, Kenneth"
"Silbersten, Mervyn D.","Silbersten, Mervyn D."
Silver Spring Brewery Limited,Silver Spring Brewery Limited
"Simpson, Chas W.","Simpson, Chas W."
"Simpson, George N.Y.","Simpson, George N.Y."
Sing Tao Daily,Sing Tao Daily
"Sing, Sam","Sing, Sam"
Skene Lowe,"Lowe, Skene"
Skene Sowe,"Lowe, Skene"
"Slevin, L.","Slevin, L."
Sloan,Sloan
"Smith, David","Smith, David"
"Smith, Donald","Smith, Donald"
"Smith, Franklin","Smith, Franklin"
"Smith, J. Harry","Smith, J. Harry"
"Smithers, Charles Francis","Smithers, Charles Francis"
"Soo, John","Soo, John"
"Sorensen, Chris","Sorensen, Chris"
Southern Pacific Company,Southern Pacific Company
Sovereign,Sovereign Potters
"Spooner, J. Pitcher","Spooner, J. Pitcher"
Sport & General,"Sport & General Press Agency, Ltd."
"St. John, Molyneux, 1838-1904.","St. John, Molyneux"
"Stanford, Edward","Stanford, Edward"
"Stanton, Robert B.","Stanton, Robert B."
"Staynes, Percy Angelo","Staynes, Percy Angelo"
Steele & Co.,Steele and Company
Steele & Company,Steele and Company
"Stein, Alva D., Jr.","Stein, Alva D., Jr. "
"Stephen, George","Stephen, George"
"Stockbill, C. E.","Stockbill, C.E."
Story Photo Company,Story Photo Company
"Stuerken, E. A.","Stuerken, E.A."
Suey Sang Chong Co.,Suey Sang Chong Co. 
Sugar News Company,Sugar News Company
"Sullivan, J.","Sullivan, J."
Sun Chung Wah Company,Sun Chung Wah Company
Sun Peking,Sun Peking Chinese Chop Suey House
"Sun, L.H.","Sun, L.H."
"Sung, Ham","Sung, Ham"
"Sung, Quong","Sung, Quong"
"Sung, Yick","Sung, Yick"
Supreme Moslem Council,Supreme Moslem Council
Sutherland,Sutherland
"Swales, G.O.","Swales, G.O."
"Sykes, Frank B.","Sykes, Frank B."
Syracuse,Syracuse China Corporation
T Long's Special Agency,T Long's Special Agency
"T. H. Davies & Co., Ltd. Travel Department",Theo H. Davies and Company. Travel Department.
Taber Studio,Taber Studio
Tacoma News Tribune,Tacoma News Tribune
"Tang, Bob","Tang, Bob"
Tapestry New Opera Works,Tapestry New Opera Works
"Tapping, Minnie E.","Tapping, Minnie E."
"Tasse, Joseph","Tasse, Joseph"
"Tavis, G.H.","Tavis, G.H."
Taylor and Kent,Taylor and Kent
"Taylor, Alice","Taylor, Alice"
"Taylor, J.M.","Taylor, J.M."
Temple Tours,Temple Tours
Territorial Auditor [Territory of Washington],Washington (Territory). Auditor. 
"The Amalgamated Press, Ltd.","Amalgamated Press, Ltd."
The Bidwell Studio,Bidwell Studio
The British Columbia Packers Association,British Columbia Packers Association
The Canadian Fishing Co. Ltd.,Canadian Fishing Company
The Chinese Cultural Centre of Vancouver,Chinese Cultural Centre of Vancouver
The Chinese Merchants of Vancouver,Chinese Merchants of Vancouver
The Chinese Nationalist League of Canada,Chinese Nationalist League of Canada
The Chinese Tennis Club,Chinese Tennis Club
The Chinese Times,Chinese Times
The Circle Tours Association,Circle Tours Association
The Coast Publishing Company,Coast Publishing Company
The Colonist Presses,Colonist Printing and Publishing Co. 
The Daily Mail,Daily Mail
The Daily Province,Vancouver Daily Province
The Durban Publicity Association,Durban Publicity Association
The Fairfield Shipbuilding & Engineering Company,Fairfield Shipbuilding and Engineering Company
Canadian Pacific Railway Company; The French Line,Canadian Pacific Railway Company
The Hong Kong Wong Clan Association,Hong Kong Wong Clan Association
"The Illustrated London News and Sketch, Ltd.",Illustrated London News
The Keystone View Company,Keystone View Company
"The Maclean Publishing Company, Limited","Maclean Publishing Company, Limited"
The Misses Mudge,Misses Mudge
The Motor Ship,Motor Ship
The New China Publishing Co.,New China Publishing Co.
The New Republic,New Republic
The Plum Blossom,Plum Blossom 
The Province,Province (Newspaper)
The Province (newspaper),Province (Newspaper)
The Railway and Travel Monthly,Railway and Travel Monthly
The Salvation Army,Salvation Army
The Seigniory Club,Seigniory Club
The Shipbuilder and Marine Engine-Builder,Shipbuilder Press 
The Studio,Studio (Magazine) 
The Times,Times
The Travel Guild,Travel Guild Incoprorated
The Travel Guild Incorporated,Travel Guild Incoprorated
The United Church of Canada,United Church of Canada
The Vancouver Sun,Vancouver Sun
The Western Canada Wholesale Co. Ltd.,The Western Canada Wholesale Co. Ltd.
The Westin Hotel,Westin Hotel
The Women's Missionary Society of the United Church of Canada,United Church of Canada. Woman's Missionary Society
The World Ship Society,World Ship Society
The Yip family,Public Schools of British Columbia
Theâtre National de lOpera,Theatre National de lOpera
Thermos Bottle Company,Thermos Bottle Company
Thom Studio,Thom Studio
Thom Winnipeg,"Thom, A.B."
"Thom, A. B.","Thom, A.B."
"Thom, Henry","Thom, Henry"
Thomas Houseworth & Co.,Thomas Houseworth & Co.
"Thomas, C.","Thomas, C."
"Thompson, Geo. S.","Thompson, George S."
"Thompson, J. J.","Thompson, Stephen Joseph"
"Thompson, S. J.","Thompson, Stephen Joseph"
"Thomson, Stuart","Thomson, Stuart"
"Thorne, Samuel","Thorne, Samuel"
"Thornley, Betty","Thornley, Betty"
"Thornton, M. E.","Thornton, M.E."
Thos. Cook & Son,"Thomas Cook & Son, Ltd."
"Thos. Cook & Son, Ltd.","Thomas Cook & Son, Ltd."
"Tichner, J.","Tichner, J."
"Tilley, S. L.","Tilley, S.L."
"Timms, George F.","Timms, George F."
"Timms, Philip","Timms, Philip Thomas"
"Timms, Philip T.","Timms, Philip Thomas"
"Timms, Philip Thomas","Timms, Philip Thomas"
"Tomicki, John","Tomicki, John"
Topical Press,Topical Press Agency
Topical Press Agency,Topical Press Agency
Topley,"Topley, William James"
Toronto Star,Toronto Star
Tourism British Columbia,Tourism British Columbia
"Trade Show Managers, Inc.","Trade Show Managers, Inc. "
Trans-Canada Air Lines,Trans-Canada Air Lines
Trans-nation Emporium Ltd.,Trans-Nation Emporium 
Trans-Pacific Steamship Lines,Trans-Pacicic Steamship Lines
Tress London Hats,Tress London Hats
"Treviso, Louis","Treviso, Louis"
True Light Chinese School,True Light Chinese School
Trueman & Caple,Trueman & Caple
"Trueman, R. H.",R.H. Trueman & Company
"Trutch, Joseph William",Montreal Gazette
"Tsang, Sarah","Tsang, Sarah"
"Tsun, Shui","Tsun, Shui"
"Ttaber, I. W.","Ttaber, I.W."
"Tuck, Samuel Parker","Tuck, Samuel Parker"
"Tupper, Charles","Tupper, Charles"
Turisanda,Turisanda
"Turner, Robert","Turner, Robert"
"Twiss, William J.","Twiss, William J."
U.S. Public Health Service,United States Public Health Service
Underwood & Underwood Inc.,Underwood & Underwood Incorporated
Union Steam Ship Company of New Zealand Limited,Union Steam Ship Company of New Zealand Limited
Union Steam Ship Company of New Zealand Limited. Canadian-Australasian Line,Union Steam Ship Company of New Zealand Limited
Union Steam Ship Company of New Zealand Limited. Canadian-Australian Royal Mail Line,Union Steam Ship Company of New Zealand Limited
Union Steam Ship Company of New Zealand Limited. San Francisco Royal Mail Line,Union Steam Ship Company of New Zealand Limited
Union Steam Ship Company of New Zealand Limited. Union Royal Mail Line,Union Steam Ship Company of New Zealand Limited
Union Steamships Limited,Union Steamships Limited
United Chinese Community Enrichment Services Society,United Chinese Community Enrichment Services Society
United Kingdom. Ministry of Transport,United Kingdom. Ministry of Transport
United States,United States of America
United States of America. Treasury Department. Office of the Secretary,United States of America. Treasury Department. Office of the Secretary
United States. Department of Justice,United States. Department of Justice
United States. Immigration Bureau,United States of America. Immigration Bureau.
"University Tours, Limited","University Tours, Limited"
"Unwin, Alec","Unwin, Alec"
"Urquhart, H. A.","Urquhart, H.A."
UTL Holiday Tours,UTL Holiday Tours
"Valentine, J. S.","Valentine, J.S."
"Van der Zee, W. F.","Van der Zee, W.F."
"Van Horne, W.C.","Van Horne, W.C."
Vancouver (magazine),Vancouver (Magazine)
Vancouver Antiquarian Book Club,Vancouver Antiquarian Book Club
Vancouver Board of Trade,Vancouver Board of Trade
Vancouver Evening Sun,Vancouver Evening Sun
Vancouver Express,Vancouver Express
Vancouver Historical Society,Vancouver Historical Society
Vancouver Hotel Company Limited,Hotel Vancouver
Vancouver Lacrosse Club,Vancouver Lacrosse Club
Vancouver Maritime Museum,Vancouver Maritime Museum
Vancouver Sun,Vancouver Sun
"Vancouver's Island Colony, Victoria Town",Vancouver Island (Colony). Victoria
Vanity Fair,Vanity Fair
"Veritas, Philo.","Veritas., Philo."
VIA Rail Canada,VIA Rail Canada
Victoria & Sidney Railway Company,Victoria & Sidney Railway Company
Victoria Daily Times,Victoria Daily Times
Victoria Terminal Railway and Ferry Company,Victoria Terminal Railway and Ferry Company
Victoria: Daily Colonist,"Daily Colonist (Victoria, B.C.)"
"W. & G. Baird, Ltd.",W. and G. Baird Limited
W. H. Gold,"Gold, Wilmer H. "
W. H. Wai,"Wai, W.H. "
W. H. Wills Studio,W. H. Wills Studio
W. Ralston Ltd.,W. Ralston Limited
W.D. & H.O. Wills,W.D. & H.O. Wills 
W.D. Downey,W.&D. Downey
W.H. Grindley and Company,W.H. Grindley and Company
W.K. Gardens,W.K. Gardens
W.K. Oriental Gardens,W.K. Oriental Gardens
W.T. Copeland,W.T. Copeland
Wadd Brothers,Wadds Brothers
Wadds Bros.,Wadds Brothers
"Wadds, George T.","Wadds, George T."
"Wakefield, E.","Wakefield, E."
"Walbran, John T., 1848-1913.","Walbran, John T."
Wallace B. Chung and Madeline H. Chung,Wallace B. Chung and Madeline H. Chung
"Walton, George","Walton, George"
Wand Studio,Wand Studio
"Wand, C. B.","Wand, Cecil B."
"Wand, C.B.","Wand, Cecil B."
"Wand, Cecil B.","Wand, Cecil B."
"Ward, Dudley","Ward, Dudley"
"Ward, H.D.","Ward, H.D."
"Warren, Ray","Warren, Ray"
"Washburn, W. W.","Washburn, W.W."
"Waun, Henry","Waun, Henry"
Wayside Inn,Wayside Inn
"Weidner, Charles","Weidner, Charles"
"Welldon, Christine","Welldon, Christine"
Wellington and Comox Coal and Coke,Wellington and Comox Coal and Coke
Wellington Collieries,Wellington Colliery Company
"Wells, G. C.","Wells, G.C."
Weston,Weston Studio
Westours,Westours
"Wheeler, Arthur O.","Wheeler, Arthur O."
"Wheeler, Elmer","Wheeler, Elmer"
White,White Studio
White Canada Crusade,White Canada Crusade
White H. E.,"White, H.E. "
White Pass & Yukon Route,White Pass & Yukon Route
"White, Thomas","White, Thomas"
Whitehorse Inn,Whitehorse Inn
"Whitelock, C. A.","Whitelock, C.A."
Wide World,Wide World Photography
"Wilder, Charles T.","Wilder, Charles T."
Wiley and Company,Wiley and Company
"Wiley, Alice Ann","Wiley, Alice Ann"
"Wilhelm, Honor L.","Wilhelm, Honor L."
"Wilkinson, Norman","Wilkinson, Norman"
William Hoffer Bookseller,William Hoffer Bookseller
William Norman & Company,"Notman, William"
William Notman & Son,William Notman and Son Photography
William Notman & Sons photography,William Notman and Son Photography
"Williams, David M.","Williams, David M."
Williamson's,Williamson's 
Willson Stationery Co.,Willson Stationery 
"Wilson, Mark","Wilson, Mark"
"Wilson, William","Wilson, William"
Wing Sang Company,Wing Sang Company
Wing Sang Lung & Co.,Wing Sang Lung and Company
Winnipeg Board of Trade,Winnipeg Board of Trade
Winter Pond Co.,Winter and Pond Company
Wo Fat & Co.,Wo Fat & Co. 
Wolfe,Wolfe Photo
Wolfe Photo,Wolfe Photo
Wong B. Kwai,Wong B. Kwai Studio
Wong B. Kwai Studio,Wong B. Kwai Studio
Wong Chong & Co.,Wong Chong and Company
"Wong, Bing","Wong, Bing"
"Wong, Eva","Wong, Eva"
"Wong, Wa Yew","Wong, Wa Yew"
World Federation of Education Associations,World Federation of Education Associations
World Ship Society,World Ship Society
"Worrel, Francis V.","Worrel, Francis V."
"Wortham, H. E.","Wortham, H.E."
"Wrathall, Jack","Wrathall, Jack"
"Wright, R. A.","Wright, R.A."
"Wu, Sil Moy","Wu, Sil Moy"
"Xu, Chang Cai","Xu, Chang Cai"
"Yandle, Anne","Yandle, Anne"
"Ye, QiuJun","Yip, Quene"
Yee Lun Ark Kee Limited,Yee Lun Ark Kee Limited
Yee Woo Restaurant,Yee Woo Restaurant
Yeelunco,Yee Lun Co. 
Ying Chong Lung Co.,Ying Chong Lung Company
Ying Ming Studio,Ying Ming Studio
Yip Kew Him,"Yip, Kew Him "
Yip Mow,"Yip, Mow"
Yip Sang,"Yip, Sang"
Yip Sang (family),Yip Sang (Family)
Yip Sang Company,Yip Sang Company
"Yip Sang Company, Ltd.",Yip Sang Company
"Yip, Cecil See","Yip, Cecil See"
"Yip, Ghim","Yip, Gim"
"Yip, Graham","Yip, Graham"
"Yip, Kew Ghim","Yip, Kew Ghim"
"Yip, Kew Ming","Yip, Kew Ming"
"Yip, Kew Mow","Yip, Kew Mow"
"Yip, Quene","Yip, Quene"
"Yip, Randall","Yip, Randall"
"Yip, Sang","Yip, Sang"
"Yip, Susan","Yip, Susan"
"Yip, Victoria","Yip, Victoria"
"Yip, Wing See","Yip, Wing See"
"Yipp, Fred","Yipp, Fred"
Young China Association,Young China Association
Yucho Chow Studio,Yucho Chow Studio
Zhongguo guo min dang,Chinese Nationalist League of Canada
nan,
